PropertyID,PropType,taxkey,Address,District,nbhd,Style,Stories,Year_Built,Rooms,FinishedSqft,Units,Bdrms,Fbath,Hbath,Lotsize,Sale_date,Sale_price,Location,latitude,longitude
863164.0,Residential,2780035000.0,3102 N HACKETT AV,3.0,3060.0,Mansion,2.0,1922.0,11.0,,1.0,5.0,3.0,2.0,8400.0,12/24/2020,690000.0,"3102 N HACKETT AV,Milwaukee,wisconsin",43.0749229,-87.8765054
855891.0,Residential,2780058000.0,3218 N DOWNER AV,3.0,3160.0,Duplex N/S,2.0,1958.0,12.0,,2.0,7.0,3.0,1.0,5160.0,8/5/2020,377600.0,"3218 N DOWNER AV,Milwaukee,wisconsin",43.0761126,-87.8775801
850562.0,Residential,2780073000.0,3234 N HACKETT AV,3.0,3060.0,Residence O/S 2sty+,2.0,1906.0,10.0,,1.0,6.0,3.0,0.0,6000.0,3/24/2020,449000.0,"3234 N HACKETT AV,Milwaukee,wisconsin",43.0764584,-87.8764405
852109.0,Residential,2780076000.0,3235 N SHEPARD AV,3.0,3060.0,Residence O/S 2sty+,2.0,1908.0,9.0,,1.0,5.0,1.0,1.0,4200.0,4/28/2020,303000.0,"3235 N SHEPARD AV,Milwaukee,wisconsin",43.0764499,-87.874725
852020.0,Residential,2780099000.0,3218 N SHEPARD AV,3.0,3060.0,Residence O/S 2sty+,2.0,1904.0,9.0,,1.0,4.0,3.0,1.0,4800.0,5/7/2020,494000.0,"3218 N SHEPARD AV,Milwaukee,wisconsin",43.0761202,-87.8741734
857950.0,Residential,2780107000.0,3004 E HAMPSHIRE ST,3.0,3060.0,Colonial,2.0,1905.0,9.0,,1.0,5.0,2.0,1.0,4360.0,9/30/2020,450000.0,"3004 E HAMPSHIRE ST,Milwaukee,wisconsin",43.0757931,-87.8730148
853746.0,Residential,2780111000.0,3224 N MARIETTA AV,3.0,3060.0,Residence O/S 2sty+,2.0,1904.0,7.0,,1.0,3.0,1.0,0.0,3840.0,6/30/2020,328900.0,"3224 N MARIETTA AV,Milwaukee,wisconsin",43.0762297,-87.873059
856623.0,Residential,2780252000.0,3258 N SHEPARD AV,3.0,3060.0,Residence O/S 2sty+,2.0,1904.0,7.0,,1.0,4.0,2.0,1.0,4800.0,8/26/2020,370000.0,"3258 N SHEPARD AV,Milwaukee,wisconsin",43.0769317,-87.8741442
858939.0,Residential,2780256000.0,3278-3280 N SHEPARD AV,3.0,3060.0,Duplex O/S,2.0,1909.0,14.0,,2.0,6.0,2.0,0.0,4800.0,10/14/2020,367500.0,"3278-3280 N SHEPARD AV,Milwaukee,wisconsin",43.0709893,-87.8745506
849993.0,Residential,2780292000.0,3319-3321 N HACKETT AV,3.0,3060.0,Dplx Bungalow,2.0,1920.0,13.0,,2.0,7.0,4.0,0.0,4800.0,3/16/2020,425000.0,"3319-3321 N HACKETT AV,Milwaukee,wisconsin",43.0751966,-87.8767481
855890.0,Residential,2780612000.0,3405 N LAKE DR,3.0,3060.0,Mansion,2.0,1917.0,11.0,,1.0,3.0,4.0,2.0,30240.0,8/13/2020,1200000.0,"3405 N LAKE DR,Milwaukee,wisconsin",43.079643,-87.8730513
858737.0,Residential,2780617000.0,3444 N SHEPARD AV,3.0,3060.0,Mansion,2.0,1918.0,10.0,,1.0,4.0,3.0,2.0,16118.0,10/15/2020,1016500.0,"3444 N SHEPARD AV,Milwaukee,wisconsin",43.0805661,-87.8739673
857496.0,Residential,2780620000.0,3470 N SHEPARD AV,3.0,3060.0,Residence O/S 2sty+,2.0,1925.0,10.0,,1.0,5.0,3.0,2.0,6500.0,9/15/2020,900000.0,"3470 N SHEPARD AV,Milwaukee,wisconsin",43.0811578,-87.8739559
853088.0,Residential,2780649000.0,2807 E EDGEWOOD AV,3.0,3060.0,Colonial,2.0,1922.0,9.0,,1.0,5.0,3.0,1.0,7440.0,5/8/2020,550000.0,"2807 E EDGEWOOD AV,Milwaukee,wisconsin",43.0817122,-87.8750899
850746.0,Residential,2780664000.0,3406-3412 N HACKETT AV,3.0,3060.0,Colonial,2.0,1935.0,9.0,,1.0,5.0,3.0,1.0,7200.0,3/31/2020,567500.0,"3406-3412 N HACKETT AV,Milwaukee,wisconsin",43.0751966,-87.8767481
855485.0,Residential,2780668000.0,3438 N HACKETT AV,3.0,3060.0,Residence O/S 2sty+,2.0,1922.0,10.0,,1.0,5.0,3.0,1.0,7200.0,8/12/2020,542500.0,"3438 N HACKETT AV,Milwaukee,wisconsin",43.0803925,-87.8763051
858213.0,Residential,2780673000.0,3472 N HACKETT AV,3.0,3060.0,Residence O/S 2sty+,2.0,1921.0,7.0,,1.0,3.0,2.0,1.0,6600.0,11/13/2020,448000.0,"3472 N HACKETT AV,Milwaukee,wisconsin",43.0812189,-87.8762815
856290.0,Residential,2780690000.0,3405 N HACKETT AV,3.0,3060.0,Residence O/S 2sty+,2.0,1915.0,9.0,,1.0,5.0,2.0,2.0,7800.0,8/19/2020,540000.0,"3405 N HACKETT AV,Milwaukee,wisconsin",43.0796369,-87.8769893
856802.0,Residential,2780712000.0,3357 N HACKETT AV,3.0,3060.0,Tudor,2.0,1926.0,8.0,,1.0,4.0,2.0,1.0,7200.0,8/31/2020,439000.0,"3357 N HACKETT AV,Milwaukee,wisconsin",43.0788414,-87.8769688
852798.0,Condominium,2781353000.0,3111 E HAMPSHIRE ST,3.0,5430.0,Condo Duplex,1.0,1972.0,5.0,,1.0,2.0,2.0,0.0,1.0,5/28/2020,275000.0,"3111 E HAMPSHIRE ST,Milwaukee,wisconsin",43.0752613,-87.8713351
854325.0,Residential,2781422000.0,3232 N SUMMIT AV,3.0,3060.0,Colonial,2.0,2014.0,7.0,,1.0,3.0,2.0,1.0,6720.0,7/8/2020,775000.0,"3232 N SUMMIT AV,Milwaukee,wisconsin",43.0764106,-87.8752249
853137.0,Residential,2789996000.0,3266 N LAKE DR,3.0,3060.0,Mansion,2.0,1912.0,15.0,,2.0,7.0,5.0,3.0,58650.0,6/15/2020,1350000.0,"3266 N LAKE DR,Milwaukee,wisconsin",43.0770579,-87.8705898
860050.0,Residential,2790121000.0,3400 N CRAMER ST,3.0,3160.0,Milwaukee Bungalow,1.5,1927.0,9.0,,1.0,5.0,2.0,0.0,4720.0,12/7/2020,370000.0,"3400 N CRAMER ST,Milwaukee,wisconsin",43.0796057,-87.8861819
859683.0,Residential,2790122000.0,3497 N CRAMER ST,3.0,3160.0,Res O/S A & 1/2,1.5,1927.0,6.0,,1.0,3.0,2.0,0.0,4680.0,10/27/2020,329000.0,"3497 N CRAMER ST,Milwaukee,wisconsin",43.0817694,-87.8867596
860026.0,Residential,2790132000.0,3449-3451 N CRAMER ST,3.0,3160.0,Dplx Bungalow,2.0,1924.0,11.0,,2.0,5.0,2.0,1.0,4800.0,11/30/2020,377000.0,"3449-3451 N CRAMER ST,Milwaukee,wisconsin",43.0709902,-87.8866769
853140.0,Residential,2790135000.0,3437 N CRAMER ST,3.0,3160.0,Milwaukee Bungalow,1.0,1926.0,7.0,,1.0,4.0,2.0,0.0,4800.0,6/2/2020,230000.0,"3437 N CRAMER ST,Milwaukee,wisconsin",43.0803566,-87.8868008
856158.0,Residential,2790169000.0,3316-3318 N CRAMER ST,3.0,3160.0,Dplx Bungalow,2.0,1923.0,11.0,,2.0,4.0,2.0,0.0,5080.0,8/20/2020,280000.0,"3316-3318 N CRAMER ST,Milwaukee,wisconsin",43.0709902,-87.8866769
861421.0,Residential,2790179000.0,3249 N CRAMER ST,3.0,3160.0,Milwaukee Bungalow,1.0,1920.0,7.0,,1.0,4.0,2.0,0.0,5400.0,12/9/2020,375000.0,"3249 N CRAMER ST,Milwaukee,wisconsin",43.0767851,-87.8869004
854690.0,Residential,2790313000.0,3432 N FREDERICK AV,3.0,3060.0,Residence O/S 2sty+,2.0,1926.0,8.0,,1.0,4.0,2.0,0.0,7050.0,7/20/2020,325000.0,"3432 N FREDERICK AV,Milwaukee,wisconsin",43.0802633,-87.8837107
858224.0,Residential,2790326000.0,3453-3455 N FREDERICK AV,3.0,3060.0,Dplx Bungalow,2.0,1924.0,14.0,,2.0,8.0,3.0,0.0,6650.0,10/30/2020,340000.0,"3453-3455 N FREDERICK AV,Milwaukee,wisconsin",43.0649676,-87.8842839
853835.0,Residential,2790340000.0,3424 N MURRAY AV,3.0,3060.0,Milwaukee Bungalow,1.0,1924.0,8.0,,1.0,3.0,1.0,0.0,6384.0,7/8/2020,313500.0,"3424 N MURRAY AV,Milwaukee,wisconsin",43.0801369,-87.8849204
855188.0,Residential,2790525000.0,3354-3356 N OAKLAND AV,3.0,3160.0,Dplx Bungalow,2.0,1915.0,12.0,,2.0,6.0,2.0,0.0,4800.0,7/31/2020,282000.0,"3354-3356 N OAKLAND AV,Milwaukee,wisconsin",43.065335,-87.8880053
851944.0,Residential,2790526000.0,3348-3350 N OAKLAND AV,3.0,3160.0,Dplx Bungalow,2.0,1915.0,10.0,,2.0,4.0,2.0,0.0,4800.0,4/28/2020,297100.0,"3348-3350 N OAKLAND AV,Milwaukee,wisconsin",43.065335,-87.8880053
857860.0,Residential,2790532000.0,3316-3318 N OAKLAND AV,3.0,3160.0,Dplx Bungalow,2.0,1915.0,11.0,,2.0,5.0,2.0,0.0,4800.0,9/23/2020,270000.0,"3316-3318 N OAKLAND AV,Milwaukee,wisconsin",43.065335,-87.8880053
852847.0,Residential,2790554000.0,3126 N OAKLAND AV,3.0,3160.0,Residence O/S 2sty+,2.0,1921.0,7.0,,1.0,3.0,1.0,1.0,4800.0,6/3/2020,290000.0,"3126 N OAKLAND AV,Milwaukee,wisconsin",43.0752813,-87.8875638
853738.0,Residential,2800011000.0,1130 E CONCORDIA AV,3.0,3320.0,Ranch,1.0,1954.0,5.0,,1.0,3.0,1.0,1.0,4720.0,6/24/2020,250000.0,"1130 E CONCORDIA AV,Milwaukee,wisconsin",43.079096,-87.8966802
855268.0,Residential,2800013000.0,3336 N DOUSMAN ST,3.0,3320.0,Dplx Bungalow,1.5,1931.0,10.0,,2.0,4.0,2.0,0.0,4720.0,8/4/2020,260000.0,"3336 N DOUSMAN ST,Milwaukee,wisconsin",43.0792252,-87.8960579
852567.0,Residential,2800223000.0,3116 N DOUSMAN ST,3.0,3320.0,Dplx Bungalow,1.5,1926.0,11.0,,2.0,3.0,2.0,0.0,3600.0,5/27/2020,235000.0,"3116 N DOUSMAN ST,Milwaukee,wisconsin",43.0751671,-87.896241
856330.0,Residential,2801011000.0,3112-3114 N BARTLETT AV,3.0,3150.0,Duplex O/S,2.0,1908.0,12.0,,2.0,8.0,3.0,0.0,3600.0,8/17/2020,310000.0,"3112-3114 N BARTLETT AV,Milwaukee,wisconsin",43.0737627,-87.8891088
852797.0,Residential,2801014000.0,3124 N BARTLETT AV,3.0,3150.0,Res O/S A & 1/2,1.0,1892.0,6.0,,1.0,3.0,1.0,0.0,3840.0,4/30/2020,230000.0,"3124 N BARTLETT AV,Milwaukee,wisconsin",43.0753115,-87.8888266
852576.0,Residential,2801016000.0,3132-3134 N BARTLETT AV,3.0,3150.0,Duplex O/S,2.0,1912.0,10.0,,2.0,7.0,2.0,1.0,3600.0,6/1/2020,378000.0,"3132-3134 N BARTLETT AV,Milwaukee,wisconsin",43.0737627,-87.8891088
859754.0,Residential,2801017000.0,3136-3138 N BARTLETT AV,3.0,3150.0,Duplex O/S,2.0,1912.0,13.0,,2.0,6.0,3.0,0.0,3600.0,11/5/2020,372000.0,"3136-3138 N BARTLETT AV,Milwaukee,wisconsin",43.0737627,-87.8891088
855381.0,Residential,2801046000.0,3101-3103 N NEWHALL ST,3.0,3150.0,Triplex,3.0,2002.0,0.0,,3.0,9.0,3.0,3.0,3600.0,7/28/2020,475000.0,"3101-3103 N NEWHALL ST,Milwaukee,wisconsin",43.0591266,-87.890541
860033.0,Residential,2801049000.0,3112 N CAMBRIDGE AV,3.0,3150.0,Duplex O/S,2.0,1912.0,7.0,,2.0,2.0,2.0,0.0,3600.0,11/12/2020,230000.0,"3112 N CAMBRIDGE AV,Milwaukee,wisconsin",43.0750768,-87.8912378
858384.0,Residential,2801056000.0,3277 N NEWHALL ST,3.0,3150.0,Res O/S A & 1/2,1.5,1897.0,7.0,,1.0,4.0,1.0,1.0,3600.0,8/27/2020,208502.0,"3277 N NEWHALL ST,Milwaukee,wisconsin",43.0773621,-87.8905087
849869.0,Residential,2801069000.0,3217 N NEWHALL ST,3.0,3150.0,Duplex O/S,1.5,1905.0,10.0,,2.0,5.0,2.0,0.0,4200.0,3/10/2020,240000.0,"3217 N NEWHALL ST,Milwaukee,wisconsin",43.0761344,-87.890582
857887.0,Residential,2801074000.0,3210-3212 N CAMBRIDGE AV,3.0,3150.0,Dplx Bungalow,1.5,1925.0,10.0,,2.0,4.0,2.0,0.0,5040.0,9/25/2020,255000.0,"3210-3212 N CAMBRIDGE AV,Milwaukee,wisconsin",43.0770954,-87.8914636
855469.0,Residential,2801093000.0,3269 N BARTLETT AV,3.0,3150.0,Res O/S A & 1/2,1.0,1905.0,5.0,,1.0,3.0,2.0,0.0,3600.0,8/10/2020,227000.0,"3269 N BARTLETT AV,Milwaukee,wisconsin",43.077183,-87.8893084
853653.0,Residential,2801106000.0,3207 N BARTLETT AV,3.0,3150.0,Duplex O/S,1.5,1901.0,9.0,,2.0,5.0,3.0,0.0,3600.0,6/18/2020,230000.0,"3207 N BARTLETT AV,Milwaukee,wisconsin",43.0758637,-87.889328
850739.0,Residential,2801126000.0,3274 N NEWHALL ST,3.0,3150.0,Res O/S A & 1/2,1.5,1922.0,7.0,,1.0,2.0,1.0,1.0,3600.0,3/31/2020,245000.0,"3274 N NEWHALL ST,Milwaukee,wisconsin",43.0772965,-87.8899777
853627.0,Residential,2801130000.0,1613 E HARTFORD AV,3.0,3150.0,Residence O/S 2sty+,2.0,1901.0,6.0,,1.0,3.0,1.0,0.0,2700.0,6/24/2020,155000.0,"1613 E HARTFORD AV,Milwaukee,wisconsin",43.0775051,-87.8897025
853056.0,Residential,2801149000.0,3200-3202 N BARTLETT AV,3.0,3150.0,Triplex,2.0,1910.0,15.0,,3.0,7.0,3.0,0.0,3600.0,6/5/2020,347500.0,"3200-3202 N BARTLETT AV,Milwaukee,wisconsin",43.0737627,-87.8891088
851365.0,Residential,2801192000.0,3320 N BARTLETT AV,3.0,3150.0,Res O/S A & 1/2,1.0,1898.0,7.0,,1.0,3.0,1.0,0.0,3600.0,4/6/2020,226500.0,"3320 N BARTLETT AV,Milwaukee,wisconsin",43.0781848,-87.8887113
856526.0,Residential,2801194000.0,3328 N BARTLETT AV,3.0,3150.0,Residence O/S 2sty+,2.0,1880.0,6.0,,1.0,3.0,1.0,1.0,3600.0,8/12/2020,279000.0,"3328 N BARTLETT AV,Milwaukee,wisconsin",43.0783519,-87.8887213
848039.0,Residential,2801197000.0,3340 N BARTLETT AV,3.0,3150.0,Duplex O/S,1.5,1909.0,9.0,,2.0,4.0,2.0,0.0,3600.0,1/23/2020,230000.0,"3340 N BARTLETT AV,Milwaukee,wisconsin",43.0785793,-87.8887485
859089.0,Residential,2801201000.0,3356-3358 N BARTLETT AV,3.0,3150.0,Duplex O/S,2.0,1914.0,10.0,,2.0,4.0,2.0,0.0,3600.0,10/26/2020,285000.0,"3356-3358 N BARTLETT AV,Milwaukee,wisconsin",43.0737627,-87.8891088
852361.0,Residential,2801225000.0,3303 N BARTLETT AV,3.0,3150.0,Residence O/S 2sty+,2.0,1911.0,7.0,,1.0,4.0,1.0,0.0,2550.0,4/22/2020,220000.0,"3303 N BARTLETT AV,Milwaukee,wisconsin",43.0777846,-87.8892767
861726.0,Residential,2801237000.0,3350 N NEWHALL ST,3.0,3150.0,Residence O/S 2sty+,2.0,1908.0,7.0,,1.0,4.0,1.0,0.0,5400.0,11/10/2020,280000.0,"3350 N NEWHALL ST,Milwaukee,wisconsin",43.0788048,-87.8899547
856594.0,Residential,2801249000.0,3345 N NEWHALL ST,3.0,3150.0,Residence O/S 2sty+,2.0,1894.0,7.0,,1.0,4.0,1.0,0.0,5400.0,8/28/2020,285000.0,"3345 N NEWHALL ST,Milwaukee,wisconsin",43.0786485,-87.8904894
851245.0,Residential,2801282100.0,3457 N NEWHALL ST,3.0,3150.0,Dplx Bungalow,1.5,1925.0,9.0,,2.0,4.0,2.0,0.0,4122.0,4/21/2020,235000.0,"3457 N NEWHALL ST,Milwaukee,wisconsin",43.0808648,-87.8903947
855563.0,Residential,2801304000.0,3461 N BARTLETT AV,3.0,3150.0,Res O/S A & 1/2,1.5,1902.0,7.0,,1.0,4.0,2.0,0.0,3600.0,8/7/2020,325000.0,"3461 N BARTLETT AV,Milwaukee,wisconsin",43.0809635,-87.8892347
857632.0,Residential,2801505000.0,3169 N DOUSMAN ST,3.0,3320.0,Cape Cod,1.0,1955.0,4.0,,1.0,4.0,2.0,1.0,5310.0,9/18/2020,315000.0,"3169 N DOUSMAN ST,Milwaukee,wisconsin",43.0762671,-87.896736
863551.0,Residential,2810104000.0,3265 N BREMEN ST,3.0,2880.0,Milwaukee Bungalow,1.0,1925.0,6.0,,1.0,3.0,1.0,0.0,0.0,12/23/2020,169000.0,"3265 N BREMEN ST,Milwaukee,wisconsin",43.0779556,-87.9004932
853715.0,Residential,2810109000.0,3242 N FRATNEY ST,3.0,2880.0,Milwaukee Bungalow,1.0,1926.0,7.0,,1.0,4.0,3.0,0.0,3960.0,6/24/2020,261000.0,"3242 N FRATNEY ST,Milwaukee,wisconsin",43.0775174,-87.9011625
854544.0,Residential,2810113000.0,3260 N FRATNEY ST,3.0,2880.0,Milwaukee Bungalow,1.0,1926.0,6.0,,1.0,3.0,1.0,0.0,3960.0,7/10/2020,225000.0,"3260 N FRATNEY ST,Milwaukee,wisconsin",43.0778849,-87.9011489
858864.0,Residential,2810708000.0,3493-3495 N FRATNEY ST,3.0,2880.0,Dplx Bungalow,2.0,1917.0,13.0,,2.0,5.0,2.0,0.0,3741.0,10/16/2020,170000.0,"3493-3495 N FRATNEY ST,Milwaukee,wisconsin",43.0571294,-87.9012135
862004.0,Residential,2810785000.0,3473 N WEIL ST,3.0,3320.0,Milwaukee Bungalow,1.0,1926.0,6.0,,1.0,3.0,2.0,1.0,4920.0,12/16/2020,258000.0,"3473 N WEIL ST,Milwaukee,wisconsin",43.0813379,-87.8991018
862217.0,Residential,2810798100.0,3424 N BREMEN ST,3.0,3320.0,Duplex N/S,2.0,1958.0,8.0,,2.0,4.0,2.0,0.0,4712.0,9/2/2020,170000.0,"3424 N BREMEN ST,Milwaukee,wisconsin",43.0803594,-87.8998296
855087.0,Residential,2810798200.0,3428 N BREMEN ST,3.0,3320.0,Res O/S A & 1/2,1.0,1922.0,7.0,,1.0,3.0,2.0,0.0,3720.0,7/28/2020,203750.0,"3428 N BREMEN ST,Milwaukee,wisconsin",43.0804622,-87.8998357
853155.0,Residential,2810839000.0,3462 N WEIL ST,3.0,3320.0,Dplx Bungalow,1.5,1927.0,8.0,,2.0,3.0,2.0,0.0,3894.0,6/1/2020,175000.0,"3462 N WEIL ST,Milwaukee,wisconsin",43.0811463,-87.8985748
852804.0,Residential,2810841000.0,3472 N WEIL ST,3.0,3320.0,Dplx Bungalow,1.5,1927.0,11.0,,2.0,5.0,2.0,0.0,4366.0,6/1/2020,197000.0,"3472 N WEIL ST,Milwaukee,wisconsin",43.0813201,-87.8985316
859259.0,Residential,2810843000.0,3480 N WEIL ST,3.0,3320.0,Milwaukee Bungalow,1.0,1928.0,7.0,,1.0,4.0,1.0,1.0,3540.0,10/24/2020,215500.0,"3480 N WEIL ST,Milwaukee,wisconsin",43.0814769,-87.8985331
861856.0,Residential,2810975000.0,3044 N PIERCE ST,3.0,2880.0,Res O/S A & 1/2,1.0,1892.0,5.0,,1.0,2.0,3.0,0.0,3600.0,12/15/2020,189795.0,"3044 N PIERCE ST,Milwaukee,wisconsin",43.0739729,-87.9024924
856901.0,Residential,2810995000.0,3031 N BREMEN ST,3.0,2880.0,Residence O/S 2sty+,2.0,1906.0,10.0,,1.0,4.0,3.0,0.0,3600.0,8/18/2020,180500.0,"3031 N BREMEN ST,Milwaukee,wisconsin",43.0736251,-87.9005586
860542.0,Residential,2811098000.0,719-721 E CHAMBERS ST,3.0,2880.0,Duplex O/S,2.0,1913.0,11.0,,2.0,5.0,2.0,0.0,2700.0,11/18/2020,159900.0,"719-721 E CHAMBERS ST,Milwaukee,wisconsin",43.0737801,-87.8963656
854300.0,Residential,2811107000.0,2944 N PIERCE ST,3.0,2880.0,Duplex O/S,1.5,1903.0,9.0,,2.0,3.0,2.0,0.0,3600.0,7/18/2020,96000.0,"2944 N PIERCE ST,Milwaukee,wisconsin",43.0721506,-87.9025111
850200.0,Residential,2811730000.0,803 E TOWNSEND ST,3.0,2880.0,Milwaukee Bungalow,1.0,1923.0,7.0,,1.0,2.0,2.0,0.0,3600.0,3/19/2020,195000.0,"803 E TOWNSEND ST,Milwaukee,wisconsin",43.0795887,-87.9011778
853096.0,Residential,2811736000.0,825 E TOWNSEND ST,3.0,3320.0,Dplx Bungalow,1.5,1924.0,10.0,,2.0,4.0,2.0,0.0,4320.0,6/1/2020,185900.0,"825 E TOWNSEND ST,Milwaukee,wisconsin",43.0795632,-87.900505
851559.0,Residential,2811915000.0,3158 N PIERCE ST,3.0,2880.0,Res O/S A & 1/2,1.0,1910.0,5.0,,3.0,2.0,3.0,0.0,3600.0,4/21/2020,220000.0,"3158 N PIERCE ST,Milwaukee,wisconsin",43.0760411,-87.9024501
852682.0,Residential,2812008000.0,926 E TOWNSEND ST,3.0,3320.0,Dplx Bungalow,1.5,1925.0,9.0,,2.0,4.0,2.0,0.0,4440.0,9/8/2020,195000.0,"926 E TOWNSEND ST,Milwaukee,wisconsin",43.0799441,-87.8992065
850509.0,Residential,2812041000.0,3160 N BREMEN ST,3.0,2880.0,Duplex O/S,2.0,1907.0,10.0,,2.0,4.0,2.0,0.0,3600.0,5/19/2020,170400.0,"3160 N BREMEN ST,Milwaukee,wisconsin",43.0761089,-87.9000068
853068.0,Residential,2812071000.0,3160 N WEIL ST,3.0,2880.0,Milwaukee Bungalow,2.0,1927.0,10.0,,1.0,5.0,2.0,0.0,3840.0,6/1/2020,305000.0,"3160 N WEIL ST,Milwaukee,wisconsin",43.076059,-87.8987796
857245.0,Residential,3140010000.0,2724 N WEIL ST,3.0,2890.0,Res O/S A & 1/2,1.0,1899.0,7.0,,1.0,4.0,2.0,0.0,3600.0,9/17/2020,270000.0,"2724 N WEIL ST,Milwaukee,wisconsin",43.0680486,-87.8988878
859220.0,Residential,3140131000.0,2812-2814 N FRATNEY ST,3.0,2890.0,Dplx Bungalow,2.0,1923.0,11.0,,2.0,5.0,2.0,0.0,3600.0,10/19/2020,244000.0,"2812-2814 N FRATNEY ST,Milwaukee,wisconsin",43.0629272,-87.901632
854537.0,Residential,3140133000.0,2822 N FRATNEY ST,3.0,2890.0,Dplx Bungalow,1.5,1922.0,9.0,,2.0,4.0,2.0,0.0,3600.0,7/2/2020,196900.0,"2822 N FRATNEY ST,Milwaukee,wisconsin",43.0698272,-87.9013261
855264.0,Commercial,3140207000.0,1000 E LOCUST ST,3.0,6260.0,"Store Bldg - Multi Story (Store & Apt, Store & Ofc",2.0,1893.0,0.0,,6.0,2.0,0.0,0.0,3008.0,7/29/2020,452000.0,"1000 E LOCUST ST,Milwaukee,wisconsin",43.0712167,-87.8989519
855264.0,Commercial,3140207000.0,1000 E LOCUST ST,3.0,6260.0,"Store Bldg - Multi Story (Store & Apt, Store & Ofc",2.0,1893.0,0.0,,6.0,1.0,0.0,0.0,3008.0,7/29/2020,452000.0,"1000 E LOCUST ST,Milwaukee,wisconsin",43.0712167,-87.8989519
854391.0,Residential,3140327000.0,2870 N BREMEN ST,3.0,2890.0,Duplex O/S,2.0,1892.0,9.0,,2.0,6.0,2.0,0.0,3600.0,7/17/2020,216000.0,"2870 N BREMEN ST,Milwaukee,wisconsin",43.0708298,-87.9002124
859247.0,Residential,3140502100.0,2775 N BREMEN ST,3.0,2890.0,Duplex O/S,2.0,1905.0,8.0,,2.0,4.0,2.0,0.0,7320.0,10/2/2020,145000.0,"2775 N BREMEN ST,Milwaukee,wisconsin",43.0690979,-87.9006093
851116.0,Residential,3140506000.0,2759 N BREMEN ST,3.0,2890.0,Duplex O/S,1.0,1904.0,9.0,,2.0,4.0,3.0,0.0,3600.0,4/17/2020,168500.0,"2759 N BREMEN ST,Milwaukee,wisconsin",43.0687691,-87.9006501
861269.0,Residential,3140508000.0,2751 N BREMEN ST,3.0,2890.0,Res O/S A & 1/2,1.0,1904.0,6.0,,1.0,3.0,2.0,0.0,3600.0,11/24/2020,232000.0,"2751 N BREMEN ST,Milwaukee,wisconsin",43.0685885,-87.9006561
863129.0,Residential,3140511000.0,2740 N FRATNEY ST,3.0,2890.0,Duplex O/S,2.0,1910.0,8.0,,2.0,4.0,2.0,0.0,3600.0,12/18/2020,146600.0,"2740 N FRATNEY ST,Milwaukee,wisconsin",43.0684124,-87.9013419
861232.0,Residential,3140533000.0,2750 N BREMEN ST,3.0,2890.0,Duplex O/S,1.5,1904.0,11.0,,2.0,4.0,2.0,0.0,3600.0,11/23/2020,147000.0,"2750 N BREMEN ST,Milwaukee,wisconsin",43.0685855,-87.9000984
860641.0,Residential,3140553000.0,2752 N WEIL ST,3.0,2890.0,Duplex O/S,2.0,1907.0,8.0,,2.0,4.0,2.0,0.0,3600.0,11/10/2020,275000.0,"2752 N WEIL ST,Milwaukee,wisconsin",43.0686613,-87.8989069
856763.0,Residential,3150027000.0,2960 N CAMBRIDGE AV,3.0,3150.0,Milwaukee Bungalow,1.0,1922.0,6.0,,1.0,4.0,1.0,0.0,4560.0,8/27/2020,220000.0,"2960 N CAMBRIDGE AV,Milwaukee,wisconsin",43.0724331,-87.8913052
859874.0,Residential,3150134000.0,2707-2709 N OAKLAND AV,3.0,3170.0,Triplex,2.0,1903.0,12.0,,3.0,5.0,3.0,0.0,3600.0,11/4/2020,279900.0,"2707-2709 N OAKLAND AV,Milwaukee,wisconsin",43.065335,-87.8880053
854932.0,Residential,3150136000.0,2715 N OAKLAND AV,3.0,3170.0,Res O/S A & 1/2,1.5,1904.0,7.0,,1.0,4.0,1.0,0.0,3600.0,7/9/2020,226400.0,"2715 N OAKLAND AV,Milwaukee,wisconsin",43.0678154,-87.8882598
856944.0,Residential,3150327000.0,2930-2932 N NEWHALL ST,3.0,3150.0,Dplx Bungalow,2.0,1915.0,11.0,,2.0,4.0,2.0,0.0,4800.0,9/3/2020,301000.0,"2930-2932 N NEWHALL ST,Milwaukee,wisconsin",43.0591266,-87.890541
850256.0,Residential,3150430000.0,3026 N NEWHALL ST,3.0,3150.0,Milwaukee Bungalow,1.0,1913.0,7.0,,1.0,4.0,1.0,0.0,4484.0,3/6/2020,278000.0,"3026 N NEWHALL ST,Milwaukee,wisconsin",43.0734991,-87.8900184
853589.0,Residential,3150446000.0,3022 N CAMBRIDGE AV,3.0,3150.0,Milwaukee Bungalow,1.0,1926.0,8.0,,1.0,3.0,2.0,0.0,4484.0,6/26/2020,315000.0,"3022 N CAMBRIDGE AV,Milwaukee,wisconsin",43.0733977,-87.8912261
863427.0,Residential,3151205000.0,1724 E GENEVA PL,3.0,3170.0,Res O/S A & 1/2,1.5,1921.0,7.0,,1.0,3.0,1.0,1.0,4800.0,11/19/2020,252000.0,"1724 E GENEVA PL,Milwaukee,wisconsin",43.0702327,-87.8883572
858526.0,Residential,3151210000.0,2840-2842 N BARTLETT AV,3.0,3190.0,Duplex O/S,2.0,1912.0,11.0,,2.0,6.0,2.0,0.0,3680.0,11/12/2020,265000.0,"2840-2842 N BARTLETT AV,Milwaukee,wisconsin",43.0737627,-87.8891088
849773.0,Residential,3151237000.0,2731-2733 N OAKLAND AV,3.0,3170.0,Triplex,2.0,1896.0,13.0,,3.0,5.0,3.0,0.0,3600.0,3/9/2020,233000.0,"2731-2733 N OAKLAND AV,Milwaukee,wisconsin",43.065335,-87.8880053
860226.0,Residential,3151240000.0,2719 N OAKLAND AV,3.0,3170.0,Res O/S A & 1/2,1.5,1900.0,6.0,,1.0,3.0,1.0,0.0,3600.0,12/15/2020,196000.0,"2719 N OAKLAND AV,Milwaukee,wisconsin",43.0678925,-87.8882444
865740.0,Residential,3151406000.0,2943 N DOUSMAN ST,3.0,3320.0,Milwaukee Bungalow,1.0,1928.0,6.0,,1.0,3.0,1.0,0.0,4480.0,9/29/2020,170100.0,"2943 N DOUSMAN ST,Milwaukee,wisconsin",43.072149,-87.8968366
856551.0,Residential,3160317000.0,2947-2949 N CRAMER ST,3.0,3160.0,Duplex O/S,2.0,1908.0,11.0,,2.0,5.0,2.0,0.0,4800.0,8/31/2020,200000.0,"2947-2949 N CRAMER ST,Milwaukee,wisconsin",43.0709902,-87.8866769
860917.0,Residential,3160327000.0,2962-2964 N CRAMER ST,3.0,3160.0,Duplex O/S,2.0,1909.0,12.0,,2.0,6.0,2.0,0.0,4800.0,11/4/2020,318600.0,"2962-2964 N CRAMER ST,Milwaukee,wisconsin",43.0709902,-87.8866769
849149.0,Residential,3160349000.0,3047 N MURRAY AV,3.0,3160.0,Dplx Bungalow,2.0,1921.0,12.0,,2.0,4.0,2.0,0.0,4800.0,2/19/2020,250000.0,"3047 N MURRAY AV,Milwaukee,wisconsin",43.0738578,-87.885797
850945.0,Residential,3160361000.0,3016-3018 N CRAMER ST,3.0,3160.0,Duplex O/S,2.0,1912.0,13.0,,2.0,6.0,2.0,0.0,4800.0,3/16/2020,280000.0,"3016-3018 N CRAMER ST,Milwaukee,wisconsin",43.0709902,-87.8866769
849550.0,Residential,3160408000.0,2934 N MARYLAND AV,3.0,3160.0,Duplex O/S,2.0,1910.0,8.0,,2.0,5.0,3.0,2.0,4800.0,2/28/2020,251200.0,"2934 N MARYLAND AV,Milwaukee,wisconsin",43.0718424,-87.8826312
853205.0,Residential,3160414000.0,2204-2206 E LOCUST ST,3.0,3160.0,Triplex,2.0,1905.0,16.0,,3.0,8.0,3.0,0.0,5040.0,6/11/2020,400000.0,"2204-2206 E LOCUST ST,Milwaukee,wisconsin",43.0711071,-87.8945346
862301.0,Residential,3160436000.0,2950-2952 N FARWELL AV,3.0,3160.0,Dplx Bungalow,2.0,1915.0,14.0,,2.0,5.0,3.0,0.0,4840.0,12/29/2020,450000.0,"2950-2952 N FARWELL AV,Milwaukee,wisconsin",43.0618959,-87.8837199
856329.0,Residential,3160443000.0,2912-2914 N FARWELL AV,3.0,3160.0,Duplex O/S,2.0,1912.0,14.0,,2.0,8.0,2.0,0.0,4840.0,8/17/2020,310000.0,"2912-2914 N FARWELL AV,Milwaukee,wisconsin",43.0618959,-87.8837199
851439.0,Residential,3160445000.0,2900-2902 N FARWELL AV,3.0,3160.0,Duplex N/S,2.0,1954.0,9.0,,2.0,4.0,2.0,0.0,5082.0,4/14/2020,310000.0,"2900-2902 N FARWELL AV,Milwaukee,wisconsin",43.0618959,-87.8837199
854432.0,Residential,3160454000.0,2945-2947 N PROSPECT AV,3.0,3160.0,Duplex O/S,2.0,1911.0,13.0,,2.0,8.0,3.0,0.0,4840.0,7/15/2020,390000.0,"2945-2947 N PROSPECT AV,Milwaukee,wisconsin",43.0604087,-87.8834419
857388.0,Residential,3160456000.0,2957 N PROSPECT AV,3.0,3160.0,Residence O/S 2sty+,2.0,1902.0,7.0,,1.0,4.0,1.0,1.0,4840.0,9/4/2020,272500.0,"2957 N PROSPECT AV,Milwaukee,wisconsin",43.0722626,-87.8807843
855036.0,Residential,3160506000.0,2919-2921 N DOWNER AV,3.0,3060.0,Dplx Bungalow,2.0,1921.0,14.0,,2.0,6.0,2.0,0.0,4880.0,7/28/2020,335000.0,"2919-2921 N DOWNER AV,Milwaukee,wisconsin",43.0664672,-87.8780829
852974.0,Residential,3160721000.0,2835-2837 N FREDERICK AV,3.0,3160.0,Duplex O/S,2.0,1906.0,12.0,,2.0,6.0,2.0,0.0,4826.0,6/11/2020,307000.0,"2835-2837 N FREDERICK AV,Milwaukee,wisconsin",43.0649676,-87.8842839
849416.0,Residential,3160749000.0,2845-2847 N CRAMER ST,3.0,3160.0,Duplex O/S,2.0,1906.0,10.0,,2.0,6.0,3.0,0.0,4320.0,2/3/2020,250000.0,"2845-2847 N CRAMER ST,Milwaukee,wisconsin",43.0709902,-87.8866769
855038.0,Residential,3160751000.0,2835-2837 N CRAMER ST,3.0,3160.0,Duplex O/S,2.0,1906.0,10.0,,2.0,4.0,2.0,0.0,4800.0,7/16/2020,224500.0,"2835-2837 N CRAMER ST,Milwaukee,wisconsin",43.0709902,-87.8866769
855684.0,Residential,3160822000.0,2910 N CRAMER ST,3.0,3160.0,Residence O/S 2sty+,2.0,1908.0,6.0,,1.0,3.0,2.0,0.0,4800.0,8/12/2020,303000.0,"2910 N CRAMER ST,Milwaukee,wisconsin",43.0713126,-87.8863773
856211.0,Residential,3160827000.0,2934-2936 N CRAMER ST,3.0,3160.0,Duplex O/S,2.0,1905.0,10.0,,2.0,4.0,2.0,0.0,4800.0,8/14/2020,306000.0,"2934-2936 N CRAMER ST,Milwaukee,wisconsin",43.0709902,-87.8866769
855864.0,Residential,3160961000.0,2952-2954 N FREDERICK AV,3.0,3160.0,Duplex O/S,2.0,1913.0,12.0,,2.0,6.0,2.0,0.0,5418.0,8/14/2020,360000.0,"2952-2954 N FREDERICK AV,Milwaukee,wisconsin",43.0649676,-87.8842839
857018.0,Residential,3161027000.0,2750 N MURRAY AV,3.0,3170.0,Residence O/S 2sty+,2.0,1890.0,9.0,,1.0,5.0,2.0,0.0,5080.0,8/26/2020,212000.0,"2750 N MURRAY AV,Milwaukee,wisconsin",43.0685326,-87.8852331
855790.0,Residential,3161036000.0,2745 N MARYLAND AV,3.0,3170.0,Residence O/S 2sty+,2.0,1900.0,8.0,,1.0,4.0,1.0,1.0,5120.0,8/6/2020,265000.0,"2745 N MARYLAND AV,Milwaukee,wisconsin",43.0683919,-87.8833404
857498.0,Residential,3161210000.0,2729 N FARWELL AV,3.0,3170.0,Residence O/S 2sty+,2.0,1899.0,8.0,,1.0,4.0,1.0,1.0,4800.0,8/21/2020,445000.0,"2729 N FARWELL AV,Milwaukee,wisconsin",43.0680631,-87.8820862
852954.0,Residential,3161223000.0,2742-2744 N MARYLAND AV,3.0,3170.0,Duplex O/S,2.0,1910.0,12.0,,2.0,6.0,2.0,0.0,4800.0,6/2/2020,352000.0,"2742-2744 N MARYLAND AV,Milwaukee,wisconsin",43.0728594,-87.8829399
859764.0,Residential,3161234000.0,2739 N PROSPECT AV,3.0,3170.0,Residence O/S 2sty+,2.0,1897.0,11.0,,1.0,6.0,2.0,1.0,7200.0,10/30/2020,358000.0,"2739 N PROSPECT AV,Milwaukee,wisconsin",43.0682915,-87.8808731
861990.0,Residential,3161236000.0,2725 N PROSPECT AV,3.0,3170.0,Residence O/S 2sty+,2.0,1894.0,7.0,,1.0,3.0,2.0,1.0,4800.0,12/23/2020,418000.0,"2725 N PROSPECT AV,Milwaukee,wisconsin",43.067949,-87.8808525
849892.0,Residential,3161241000.0,2312-2314 E PARK PL,3.0,3170.0,Triplex,2.0,1918.0,13.0,,3.0,5.0,3.0,0.0,2625.0,3/6/2020,348000.0,"2312-2314 E PARK PL,Milwaukee,wisconsin",43.0673676,-87.8814972
866225.0,Residential,3161265000.0,2719 N STOWELL AV,3.0,3170.0,Residence O/S 2sty+,2.0,1904.0,9.0,,1.0,5.0,2.0,1.0,4880.0,6/2/2020,535000.0,"2719 N STOWELL AV,Milwaukee,wisconsin",43.0678317,-87.8796123
850611.0,Residential,3161287000.0,2751 N DOWNER AV,3.0,3170.0,Residence O/S 2sty+,2.0,1902.0,9.0,,1.0,6.0,2.0,0.0,4880.0,3/23/2020,315000.0,"2751 N DOWNER AV,Milwaukee,wisconsin",43.0684877,-87.8783789
858622.0,Residential,3161403000.0,2856 N STOWELL AV,3.0,3160.0,Residence O/S 2sty+,2.0,1898.0,10.0,,1.0,6.0,2.0,1.0,5002.0,10/8/2020,530000.0,"2856 N STOWELL AV,Milwaukee,wisconsin",43.0706939,-87.8789656
857330.0,Residential,3161408000.0,2824 N STOWELL AV,3.0,3160.0,Residence O/S 2sty+,2.0,1898.0,9.0,,1.0,6.0,3.0,1.0,7320.0,9/4/2020,580000.0,"2824 N STOWELL AV,Milwaukee,wisconsin",43.0700654,-87.8789911
849293.0,Residential,3161460000.0,2861 N PROSPECT AV,3.0,3160.0,Residence O/S 2sty+,2.0,1909.0,9.0,,1.0,5.0,2.0,0.0,5445.0,2/18/2020,315000.0,"2861 N PROSPECT AV,Milwaukee,wisconsin",43.0707631,-87.8808205
854899.0,Residential,3161483000.0,2865-2867 N FARWELL AV,3.0,3160.0,Duplex O/S,2.0,1907.0,12.0,,2.0,6.0,2.0,0.0,3960.0,7/22/2020,348000.0,"2865-2867 N FARWELL AV,Milwaukee,wisconsin",43.0618959,-87.8837199
856282.0,Residential,3161646000.0,3059 N PROSPECT AV,3.0,3160.0,Residence O/S 2sty+,2.0,1914.0,7.0,,1.0,4.0,1.0,0.0,4719.0,7/31/2020,275000.0,"3059 N PROSPECT AV,Milwaukee,wisconsin",43.0740972,-87.8807429
853430.0,Residential,3161658000.0,3019 N FARWELL AV,3.0,3160.0,Residence O/S 2sty+,2.0,1910.0,7.0,,1.0,4.0,1.0,1.0,4800.0,6/5/2020,304000.0,"3019 N FARWELL AV,Milwaukee,wisconsin",43.0733189,-87.8819778
862639.0,Residential,3161662000.0,3041-3043 N FARWELL AV,3.0,3160.0,Duplex O/S,2.0,1913.0,12.0,,2.0,8.0,2.0,0.0,5040.0,12/22/2020,315000.0,"3041-3043 N FARWELL AV,Milwaukee,wisconsin",43.0618959,-87.8837199
852480.0,Residential,3161672000.0,3056-3058 N MARYLAND AV,3.0,3160.0,Dplx Bungalow,2.0,1922.0,14.0,,2.0,6.0,3.0,0.0,6000.0,5/27/2020,375000.0,"3056-3058 N MARYLAND AV,Milwaukee,wisconsin",43.0627229,-87.8830718
855125.0,Residential,3170006000.0,3027 N LAKE DR,3.0,3060.0,Residence O/S 2sty+,2.0,1924.0,8.0,,1.0,4.0,3.0,1.0,10425.0,7/28/2020,650000.0,"3027 N LAKE DR,Milwaukee,wisconsin",43.0734793,-87.8724774
861583.0,Residential,3170021000.0,3037 N MARIETTA AV,3.0,3060.0,Mansion,2.0,1913.0,9.0,,1.0,4.0,3.0,1.0,7800.0,12/3/2020,775000.0,"3037 N MARIETTA AV,Milwaukee,wisconsin",43.0735722,-87.8737053
850713.0,Residential,3170059000.0,3004 N HACKETT AV,3.0,3060.0,Colonial,2.0,1914.0,8.0,,1.0,3.0,2.0,1.0,6120.0,4/2/2020,675000.0,"3004 N HACKETT AV,Milwaukee,wisconsin",43.0729469,-87.8765282
851291.0,Residential,3170087000.0,3018 N DOWNER AV,3.0,3060.0,Residence O/S 2sty+,2.0,1921.0,6.0,,1.0,3.0,1.0,1.0,4800.0,4/13/2020,303000.0,"3018 N DOWNER AV,Milwaukee,wisconsin",43.0732888,-87.8776391
861171.0,Residential,3170097000.0,2967 N HACKETT AV,3.0,3060.0,Residence O/S 2sty+,2.0,1902.0,8.0,,1.0,4.0,1.0,1.0,6000.0,12/3/2020,449000.0,"2967 N HACKETT AV,Milwaukee,wisconsin",43.0724403,-87.8770931
856970.0,Residential,3170113000.0,2920 N DOWNER AV,3.0,3060.0,Res O/S A & 1/2,1.5,1919.0,7.0,,1.0,4.0,1.0,2.0,6000.0,8/14/2020,422000.0,"2920 N DOWNER AV,Milwaukee,wisconsin",43.0714887,-87.8776528
852384.0,Residential,3170124000.0,2963 N SUMMIT AV,3.0,3060.0,Residence O/S 2sty+,2.0,1908.0,9.0,,1.0,5.0,2.0,1.0,6000.0,5/26/2020,447000.0,"2963 N SUMMIT AV,Milwaukee,wisconsin",43.0723318,-87.8759217
858168.0,Residential,3170171000.0,2961 N MARIETTA AV,3.0,3060.0,Residence O/S 2sty+,2.0,1912.0,9.0,,1.0,5.0,4.0,1.0,8400.0,10/20/2020,890000.0,"2961 N MARIETTA AV,Milwaukee,wisconsin",43.0722399,-87.8737034
851714.0,Residential,3170173000.0,2943 N MARIETTA AV,3.0,3060.0,Colonial,2.0,1904.0,7.0,,1.0,3.0,2.0,1.0,6000.0,5/5/2020,460000.0,"2943 N MARIETTA AV,Milwaukee,wisconsin",43.071933,-87.8736615
850864.0,Residential,3170176000.0,2923 N MARIETTA AV,3.0,3060.0,Tudor,2.0,1902.0,11.0,,1.0,5.0,4.0,1.0,6600.0,3/31/2020,805000.0,"2923 N MARIETTA AV,Milwaukee,wisconsin",43.0715076,-87.8736811
859300.0,Residential,3170231000.0,2857 N SHEPARD AV,3.0,3060.0,Duplex O/S,2.0,1911.0,20.0,,2.0,8.0,4.0,1.0,6000.0,10/16/2020,458000.0,"2857 N SHEPARD AV,Milwaukee,wisconsin",43.0706917,-87.8748849
854330.0,Residential,3170262000.0,2840 N HACKETT AV,3.0,3060.0,Residence O/S 2sty+,2.0,1905.0,11.0,,1.0,4.0,3.0,0.0,4800.0,7/10/2020,515000.0,"2840 N HACKETT AV,Milwaukee,wisconsin",43.0702973,-87.8765634
859428.0,Residential,3170283000.0,2838 N DOWNER AV,3.0,3160.0,Res O/S A & 1/2,1.5,1921.0,8.0,,1.0,4.0,2.0,0.0,4800.0,10/30/2020,330000.0,"2838 N DOWNER AV,Milwaukee,wisconsin",43.0703056,-87.8777057
847930.0,Residential,3170312000.0,2753 N HACKETT AV,3.0,3060.0,Residence O/S 2sty+,2.0,1894.0,8.0,,1.0,4.0,2.0,0.0,4800.0,1/17/2020,401500.0,"2753 N HACKETT AV,Milwaukee,wisconsin",43.0685196,-87.8771718
849769.0,Residential,3170369000.0,2701 N LAKE DR,3.0,3060.0,Mansion,2.0,1895.0,12.0,,2.0,6.0,4.0,2.0,8960.0,2/24/2020,1075000.0,"2701 N LAKE DR,Milwaukee,wisconsin",43.0675176,-87.8738894
847688.0,Residential,3180009000.0,2559 N WAHL AV,3.0,3060.0,Mansion,2.0,1903.0,10.0,,1.0,5.0,3.0,1.0,9520.0,1/2/2020,1600000.0,"2559 N WAHL AV,Milwaukee,wisconsin",43.0633968,-87.8745101
853032.0,Residential,3180050000.0,2360 N TERRACE AV,3.0,3060.0,Colonial,2.0,1915.0,11.0,,1.0,5.0,4.0,1.0,4400.0,6/12/2020,800000.0,"2360 N TERRACE AV,Milwaukee,wisconsin",43.0609665,-87.8774221
850051.0,Residential,3180055000.0,2669 N TERRACE AV,3.0,3060.0,Tudor,2.0,1922.0,9.0,,1.0,5.0,3.0,2.0,8700.0,6/4/2020,724900.0,"2669 N TERRACE AV,Milwaukee,wisconsin",43.0657629,-87.8738041
850958.0,Residential,3180093000.0,2620 N LAKE DR,3.0,3060.0,Colonial,2.0,1922.0,10.0,,1.0,5.0,3.0,1.0,9000.0,4/9/2020,557800.0,"2620 N LAKE DR,Milwaukee,wisconsin",43.0653808,-87.8749787
850551.0,Residential,3180112000.0,2440-2442 N LAKE DR,3.0,3060.0,Duplex O/S,2.0,1925.0,15.0,,2.0,8.0,3.0,0.0,6750.0,3/6/2020,505000.0,"2440-2442 N LAKE DR,Milwaukee,wisconsin",43.057891,-87.882518
849341.0,Residential,3180113000.0,2436-2438 N LAKE DR,3.0,3060.0,Duplex O/S,2.0,1926.0,14.0,,2.0,8.0,3.0,0.0,6750.0,2/20/2020,460000.0,"2436-2438 N LAKE DR,Milwaukee,wisconsin",43.057891,-87.882518
855240.0,Residential,3180125000.0,2603 N LAKE DR,3.0,3060.0,Mansion,2.0,1903.0,12.0,,2.0,6.0,3.0,2.0,10050.0,7/27/2020,815000.0,"2603 N LAKE DR,Milwaukee,wisconsin",43.0653041,-87.8758635
860267.0,Residential,3180152000.0,2709 E BELLEVIEW PL,3.0,3060.0,Colonial,2.0,1915.0,7.0,,1.0,5.0,3.0,1.0,5640.0,11/6/2020,535000.0,"2709 E BELLEVIEW PL,Milwaukee,wisconsin",43.0651805,-87.876692
852721.0,Residential,3180157000.0,2552 N SUMMIT AV,3.0,3060.0,Residence O/S 2sty+,2.0,1915.0,8.0,,1.0,4.0,1.0,2.0,8250.0,6/5/2020,540000.0,"2552 N SUMMIT AV,Milwaukee,wisconsin",43.0646311,-87.8773374
855924.0,Residential,3180310000.0,2659 N LAKE DR,3.0,3060.0,Mansion,3.0,1903.0,14.0,,2.0,7.0,4.0,3.0,9900.0,8/17/2020,1243000.0,"2659 N LAKE DR,Milwaukee,wisconsin",43.0664326,-87.8747515
859153.0,Residential,3180406000.0,2623 N WAHL AV,3.0,3060.0,Mansion,2.0,1902.0,12.0,,1.0,8.0,2.0,2.0,6294.0,10/15/2020,1025000.0,"2623 N WAHL AV,Milwaukee,wisconsin",43.0646971,-87.8733111
861761.0,Condominium,3180424000.0,2715 E PARK PL,3.0,5610.0,Low Rise 1-3 Stories,1.0,1912.0,6.0,,1.0,2.0,2.0,0.0,1.0,12/16/2020,430000.0,"2715 E PARK PL,Milwaukee,wisconsin",43.067141,-87.8764816
852052.0,Residential,3190041000.0,2610 N FARWELL AV,3.0,3170.0,Residence O/S 2sty+,2.0,1906.0,7.0,,1.0,4.0,1.0,0.0,3840.0,5/4/2020,271000.0,"2610 N FARWELL AV,Milwaukee,wisconsin",43.0664553,-87.8815365
859699.0,Residential,3190317000.0,2633 N STOWELL AV,3.0,3170.0,Residence O/S 2sty+,2.0,1895.0,7.0,,1.0,3.0,1.0,1.0,3660.0,10/2/2020,310000.0,"2633 N STOWELL AV,Milwaukee,wisconsin",43.0668615,-87.8796064
850392.0,Residential,3190318000.0,2627 N STOWELL AV,3.0,3170.0,Residence O/S 2sty+,2.0,1900.0,9.0,,1.0,4.0,1.0,1.0,3660.0,3/30/2020,358500.0,"2627 N STOWELL AV,Milwaukee,wisconsin",43.0667639,-87.8795862
850816.0,Residential,3190326000.0,2400 E BELLEVIEW PL,3.0,3170.0,Residence O/S 2sty+,2.0,1885.0,9.0,,1.0,5.0,1.0,1.0,6405.0,4/6/2020,308000.0,"2400 E BELLEVIEW PL,Milwaukee,wisconsin",43.0662861,-87.8803716
844413.0,Residential,3190336000.0,2407 E BELLEVIEW PL,3.0,3170.0,Residence O/S 2sty+,2.0,1908.0,6.0,,1.0,3.0,1.0,1.0,2280.0,1/17/2020,200000.0,"2407 E BELLEVIEW PL,Milwaukee,wisconsin",43.0659155,-87.8802265
855262.0,Residential,3190432000.0,1916-1918 E WEBSTER PL,3.0,3170.0,Triplex,2.0,1904.0,14.0,,3.0,6.0,3.0,0.0,2880.0,7/20/2020,240000.0,"1916-1918 E WEBSTER PL,Milwaukee,wisconsin",43.0649151,-87.8830637
860731.0,Residential,3190484000.0,2531 N MARYLAND AV,3.0,3170.0,Residence O/S 2sty+,2.0,1913.0,9.0,,1.0,6.0,2.0,0.0,3810.0,11/23/2020,225000.0,"2531 N MARYLAND AV,Milwaukee,wisconsin",43.0644595,-87.8833629
853150.0,Residential,3190522000.0,2519 N MURRAY AV,3.0,3170.0,Triplex,2.0,1898.0,14.0,,3.0,7.0,3.0,0.0,3810.0,6/3/2020,220000.0,"2519 N MURRAY AV,Milwaukee,wisconsin",43.0642349,-87.8858795
849959.0,Residential,3190524000.0,2509 N MURRAY AV,3.0,3170.0,Residence O/S 2sty+,2.0,1904.0,9.0,,1.0,4.0,2.0,0.0,3745.0,3/11/2020,260000.0,"2509 N MURRAY AV,Milwaukee,wisconsin",43.0640437,-87.8858669
850036.0,Residential,3190530000.0,2514-2516 N CRAMER ST,3.0,3170.0,Duplex O/S,2.0,1888.0,9.0,,2.0,6.0,2.0,0.0,5715.0,3/13/2020,250000.0,"2514-2516 N CRAMER ST,Milwaukee,wisconsin",43.0709902,-87.8866769
857631.0,Residential,3190544000.0,2509-2511 N CRAMER ST,3.0,3170.0,Duplex O/S,2.0,1929.0,12.0,,2.0,6.0,2.0,0.0,5715.0,9/25/2020,287500.0,"2509-2511 N CRAMER ST,Milwaukee,wisconsin",43.0709902,-87.8866769
851998.0,Residential,3190555000.0,2540 N OAKLAND AV,3.0,3170.0,Duplex O/S,2.0,1920.0,10.0,,2.0,4.0,2.0,0.0,3600.0,5/8/2020,257100.0,"2540 N OAKLAND AV,Milwaukee,wisconsin",43.0647575,-87.8877971
860870.0,Residential,3190608000.0,2463 N MARYLAND AV,3.0,3170.0,Residence O/S 2sty+,2.0,1894.0,8.0,,1.0,4.0,1.0,1.0,3480.0,11/13/2020,237500.0,"2463 N MARYLAND AV,Milwaukee,wisconsin",43.0629172,-87.8833826
855224.0,Residential,3190919000.0,2648 N FREDERICK AV,3.0,3170.0,Residence O/S 2sty+,2.0,1908.0,8.0,,1.0,4.0,1.0,1.0,4369.0,7/21/2020,350000.0,"2648 N FREDERICK AV,Milwaukee,wisconsin",43.0671862,-87.8840011
853664.0,Condominium,3191291000.0,2572 N FARWELL AV,3.0,5780.0,Condo Townhouse,2.0,1991.0,5.0,,1.0,2.0,2.0,1.0,1.0,6/15/2020,240000.0,"2572 N FARWELL AV,Milwaukee,wisconsin",43.0654618,-87.8816841
861395.0,Condominium,3191345000.0,2577 N FARWELL AV,3.0,5510.0,Condo Townhouse,3.5,2001.0,5.0,,1.0,2.0,2.0,1.0,1.0,12/11/2020,394000.0,"2577 N FARWELL AV,Milwaukee,wisconsin",43.065602,-87.8819069
857743.0,Condominium,3191350000.0,2587 N FARWELL AV,3.0,5510.0,Condo Townhouse,3.5,2001.0,5.0,,1.0,2.0,2.0,1.0,1.0,9/28/2020,360000.0,"2587 N FARWELL AV,Milwaukee,wisconsin",43.0655302,-87.8821884
855206.0,Residential,3200107000.0,2439 N OAKLAND AV,3.0,3190.0,Duplex O/S,2.0,1890.0,10.0,,2.0,5.0,2.0,0.0,4320.0,7/31/2020,255000.0,"2439 N OAKLAND AV,Milwaukee,wisconsin",43.0623179,-87.8883484
848495.0,Residential,3200116000.0,2459 N BARTLETT AV,3.0,3190.0,Res O/S A & 1/2,1.0,1890.0,8.0,,1.0,5.0,2.0,0.0,5010.0,1/30/2020,262000.0,"2459 N BARTLETT AV,Milwaukee,wisconsin",43.0627487,-87.8895217
859270.0,Residential,3200502000.0,2641-2643 N OAKLAND AV,3.0,3170.0,Duplex O/S,2.0,1899.0,12.0,,2.0,6.0,2.0,0.0,3600.0,10/29/2020,219900.0,"2641-2643 N OAKLAND AV,Milwaukee,wisconsin",43.065335,-87.8880053
861145.0,Residential,3200509000.0,2616 N BARTLETT AV,3.0,3190.0,Res O/S A & 1/2,1.5,1898.0,7.0,,1.0,4.0,2.0,0.0,3600.0,12/4/2020,220000.0,"2616 N BARTLETT AV,Milwaukee,wisconsin",43.0666052,-87.8889601
856900.0,Residential,3200607000.0,2555-2557 N BARTLETT AV,3.0,3190.0,Triplex,2.0,1906.0,18.0,,4.0,8.0,4.0,0.0,3600.0,8/10/2020,379000.0,"2555-2557 N BARTLETT AV,Milwaukee,wisconsin",43.0737627,-87.8891088
859939.0,Residential,3200614200.0,2539-2541 N BARTLETT AV,3.0,3190.0,Duplex O/S,2.0,1900.0,10.0,,2.0,7.0,3.0,0.0,2500.0,10/23/2020,298000.0,"2539-2541 N BARTLETT AV,Milwaukee,wisconsin",43.0737627,-87.8891088
859274.0,Residential,3200912000.0,1130-1132 E WALWORTH ST,3.0,3330.0,Duplex O/S,2.0,1914.0,11.0,,2.0,5.0,2.0,0.0,3654.0,10/23/2020,215000.0,"1130-1132 E WALWORTH ST,Milwaukee,wisconsin",43.0611001,-87.8970451
850916.0,Residential,3201110000.0,2477 N OAKLAND AV,3.0,3190.0,Duplex O/S,2.0,1900.0,10.0,,2.0,4.0,2.0,0.0,3600.0,4/7/2020,245000.0,"2477 N OAKLAND AV,Milwaukee,wisconsin",43.0631724,-87.8883326
853339.0,Residential,3201117000.0,2465-2467 N OAKLAND AV,3.0,3190.0,Duplex O/S,2.0,1891.0,14.0,,2.0,7.0,3.0,0.0,3840.0,6/18/2020,283800.0,"2465-2467 N OAKLAND AV,Milwaukee,wisconsin",43.065335,-87.8880053
848258.0,Residential,3201250000.0,2436 N DOUSMAN ST,3.0,3330.0,Multiple Residential Bldgs,1.5,1912.0,11.0,,4.0,5.0,4.0,0.0,6000.0,2/3/2020,250000.0,"2436 N DOUSMAN ST,Milwaukee,wisconsin",43.0628848,-87.8964287
854630.0,Residential,3201505000.0,2411 N OAKLAND AV,3.0,3190.0,Residence O/S 2sty+,2.0,1888.0,7.0,,1.0,3.0,1.0,1.0,3600.0,7/9/2020,232000.0,"2411 N OAKLAND AV,Milwaukee,wisconsin",43.0616742,-87.8883344
853223.0,Condominium,3201632000.0,1607 E PARK PL,3.0,5782.0,Condo Townhouse,3.0,2001.0,6.0,,1.0,3.0,2.0,1.0,1.0,6/8/2020,389000.0,"1607 E PARK PL,Milwaukee,wisconsin",43.0672211,-87.8900766
856634.0,Residential,3209967000.0,2461 N DOUSMAN ST,3.0,3330.0,Res O/S A & 1/2,1.0,1900.0,7.0,,1.0,3.0,1.0,0.0,3000.0,8/21/2020,199000.0,"2461 N DOUSMAN ST,Milwaukee,wisconsin",43.0633313,-87.8968804
860489.0,Residential,3210002000.0,820 E WRIGHT ST,3.0,2890.0,Res O/S A & 1/2,1.0,1895.0,6.0,,1.0,2.0,2.0,0.0,2775.0,10/28/2020,161000.0,"820 E WRIGHT ST,Milwaukee,wisconsin",43.0640099,-87.9008907
854636.0,Residential,3210209000.0,2538 N BREMEN ST,3.0,2890.0,Duplex O/S,2.0,1900.0,11.0,,2.0,5.0,2.0,0.0,2160.0,7/10/2020,178000.0,"2538 N BREMEN ST,Milwaukee,wisconsin",43.0647114,-87.900154
860240.0,Residential,3210528000.0,2545--A N WEIL ST,3.0,2890.0,Duplex O/S,1.5,1896.0,11.0,,2.0,4.0,2.0,0.0,2250.0,10/16/2020,145000.0,"2545--A N WEIL ST,Milwaukee,wisconsin",43.0648741,-87.8994563
855838.0,Residential,3210603000.0,2427-2429 N FRATNEY ST,3.0,2890.0,Duplex O/S,2.0,1920.0,12.0,,2.0,5.0,2.0,0.0,3600.0,7/31/2020,205000.0,"2427-2429 N FRATNEY ST,Milwaukee,wisconsin",43.0571294,-87.9012135
857938.0,Residential,3210614000.0,710 E MEINECKE AV,3.0,2890.0,Duplex O/S,1.5,1895.0,11.0,,2.0,5.0,2.0,0.0,3600.0,9/24/2020,167000.0,"710 E MEINECKE AV,Milwaukee,wisconsin",43.0622186,-87.9024701
858193.0,Residential,3210615000.0,706 E MEINECKE AV,3.0,2890.0,Duplex O/S,1.5,1900.0,11.0,,2.0,5.0,2.0,0.0,3600.0,1/31/2020,159000.0,"706 E MEINECKE AV,Milwaukee,wisconsin",43.0622988,-87.9025672
855954.0,Residential,3210647000.0,910 E MEINECKE AV,3.0,2890.0,Cottage,1.5,1893.0,8.0,,1.0,4.0,1.0,0.0,3600.0,8/6/2020,154000.0,"910 E MEINECKE AV,Milwaukee,wisconsin",43.0623558,-87.9000254
859142.0,Residential,3210711000.0,2652 N WEIL ST,3.0,2890.0,Milwaukee Bungalow,1.5,1895.0,6.0,,1.0,3.0,1.0,0.0,3600.0,10/19/2020,190000.0,"2652 N WEIL ST,Milwaukee,wisconsin",43.0668012,-87.8989316
854304.0,Commercial,3210715000.0,931-933 E CENTER ST,3.0,6260.0,"Store Bldg - Multi Story (Store & Apt, Store & Ofc",2.0,1885.0,0.0,,3.0,1.0,0.0,0.0,3600.0,7/21/2020,225000.0,"931-933 E CENTER ST,Milwaukee,wisconsin",43.0674995,-87.9044298
854304.0,Commercial,3210715000.0,931-933 E CENTER ST,3.0,6260.0,"Store Bldg - Multi Story (Store & Apt, Store & Ofc",2.0,1885.0,0.0,,3.0,3.0,0.0,0.0,3600.0,7/21/2020,225000.0,"931-933 E CENTER ST,Milwaukee,wisconsin",43.0674995,-87.9044298
867233.0,Residential,3210717000.0,925 E CENTER ST,3.0,2890.0,Res O/S A & 1/2,1.0,1895.0,6.0,,1.0,3.0,1.0,0.0,3600.0,10/15/2020,199000.0,"925 E CENTER ST,Milwaukee,wisconsin",43.067301,-87.8995948
858792.0,Residential,3210808000.0,2549 N BREMEN ST,3.0,2890.0,Res O/S A & 1/2,1.0,1880.0,6.0,,1.0,3.0,1.0,0.0,3120.0,10/21/2020,127000.0,"2549 N BREMEN ST,Milwaukee,wisconsin",43.0649257,-87.9006668
859913.0,Residential,3210826000.0,2545 N FRATNEY ST,3.0,2890.0,Duplex O/S,2.0,1910.0,8.0,,2.0,4.0,3.0,0.0,3600.0,9/30/2020,219000.0,"2545 N FRATNEY ST,Milwaukee,wisconsin",43.0648324,-87.9018678
861216.0,Residential,3210828000.0,2540 N PIERCE ST,3.0,2890.0,Res O/S A & 1/2,1.0,1889.0,7.0,,1.0,4.0,1.0,0.0,3172.0,11/23/2020,190000.0,"2540 N PIERCE ST,Milwaukee,wisconsin",43.0647872,-87.9026031
861077.0,Residential,3210832000.0,2556-2558 N PIERCE ST,3.0,2890.0,Dplx Bungalow,2.0,1925.0,10.0,,2.0,4.0,2.0,0.0,4598.0,11/5/2020,217900.0,"2556-2558 N PIERCE ST,Milwaukee,wisconsin",43.0783761,-87.9026321
854755.0,Residential,3211009000.0,2620 N FRATNEY ST,3.0,2890.0,Cottage,1.0,1900.0,8.0,,1.0,3.0,2.0,0.0,3600.0,7/6/2020,207000.0,"2620 N FRATNEY ST,Milwaukee,wisconsin",43.0661742,-87.9013641
858926.0,Residential,3211021000.0,2628 N PIERCE ST,3.0,2890.0,Res O/S A & 1/2,1.0,1903.0,6.0,,1.0,3.0,1.0,0.0,3600.0,10/6/2020,215000.0,"2628 N PIERCE ST,Milwaukee,wisconsin",43.0663242,-87.9025564
862097.0,Residential,3211150000.0,2310-2312 N BREMEN ST,3.0,2890.0,Duplex O/S,2.0,1906.0,10.0,,2.0,4.0,2.0,0.0,2790.0,12/28/2020,210000.0,"2310-2312 N BREMEN ST,Milwaukee,wisconsin",43.0647556,-87.9003987
861202.0,Residential,3211165000.0,915 E MEINECKE AV,3.0,2890.0,Duplex-Cottage,2.0,1901.0,6.0,,2.0,2.0,2.0,0.0,1600.0,10/23/2020,130000.0,"915 E MEINECKE AV,Milwaukee,wisconsin",43.0618893,-87.8998833
856855.0,Residential,3212104000.0,1012-1014 E CLARKE ST,3.0,2890.0,Duplex O/S,2.0,1901.0,10.0,,2.0,6.0,2.0,0.0,3600.0,8/18/2020,283000.0,"1012-1014 E CLARKE ST,Milwaukee,wisconsin",43.0656618,-87.901629
851187.0,Residential,3212126000.0,2604 N PIERCE ST,3.0,2890.0,Duplex O/S,1.5,1890.0,9.0,,2.0,4.0,2.0,0.0,3920.0,3/20/2020,138000.0,"2604 N PIERCE ST,Milwaukee,wisconsin",43.0658808,-87.9026127
856847.0,Residential,3212215000.0,2448-2450 N FRATNEY ST,3.0,2890.0,Multiple Residential Bldgs,2.0,1894.0,10.0,,4.0,4.0,4.0,0.0,3600.0,8/21/2020,275000.0,"2448-2450 N FRATNEY ST,Milwaukee,wisconsin",43.0571294,-87.9012135
857027.0,Residential,3212222000.0,2478 N FRATNEY ST,3.0,2890.0,Duplex O/S,2.0,1895.0,7.0,,2.0,4.0,2.0,0.0,2480.0,9/3/2020,177000.0,"2478 N FRATNEY ST,Milwaukee,wisconsin",43.0637275,-87.9014026
855547.0,Residential,3212255000.0,1005-1007 E WRIGHT ST,3.0,2890.0,Duplex O/S,2.0,1889.0,12.0,,2.0,5.0,2.0,0.0,3600.0,7/30/2020,200000.0,"1005-1007 E WRIGHT ST,Milwaukee,wisconsin",43.0638873,-87.9074567
851258.0,Residential,3540677000.0,1017-1019 E LAND PL,3.0,3240.0,Duplex O/S,2.0,1900.0,11.0,,2.0,5.0,2.0,1.0,2500.0,4/13/2020,267000.0,"1017-1019 E LAND PL,Milwaukee,wisconsin",43.0551681,-87.8994434
862385.0,Residential,3540685000.0,1804 N ASTOR ST,3.0,3240.0,Duplex O/S,1.5,1905.0,10.0,,2.0,6.0,2.0,0.0,2500.0,7/8/2020,237500.0,"1804 N ASTOR ST,Milwaukee,wisconsin",43.0546491,-87.899208
847849.0,Residential,3540699000.0,1015 E HAMILTON ST,3.0,3240.0,Cottage,1.5,1885.0,7.0,,1.0,3.0,1.0,0.0,2500.0,1/9/2020,179800.0,"1015 E HAMILTON ST,Milwaukee,wisconsin",43.0542571,-87.8989299
853655.0,Residential,3540724000.0,1769 N MARSHALL ST,3.0,3240.0,Residence O/S 2sty+,2.0,1885.0,0.0,,1.0,2.0,2.0,0.0,2600.0,6/29/2020,425000.0,"1769 N MARSHALL ST,Milwaukee,wisconsin",43.0541839,-87.9011177
862592.0,Residential,3550062000.0,1858 N CAMBRIDGE AV,3.0,3190.0,Residence O/S 2sty+,2.0,1900.0,8.0,,1.0,4.0,1.0,1.0,2970.0,11/24/2020,229000.0,"1858 N CAMBRIDGE AV,Milwaukee,wisconsin",43.0557094,-87.8921961
858122.0,Residential,3550119000.0,2028-2030 N CAMBRIDGE AV,3.0,3190.0,Duplex O/S,2.0,1870.0,15.0,,2.0,7.0,3.0,1.0,6000.0,10/23/2020,406550.0,"2028-2030 N CAMBRIDGE AV,Milwaukee,wisconsin",43.0612227,-87.8916983
851627.0,Residential,3550123000.0,1516-1518 E IRVING PL,3.0,3190.0,Duplex O/S,2.0,1900.0,10.0,,2.0,3.0,2.0,0.0,2720.0,4/20/2020,307500.0,"1516-1518 E IRVING PL,Milwaukee,wisconsin",43.0566327,-87.8900718
862939.0,Residential,3550131000.0,2002 N CAMBRIDGE AV,3.0,3190.0,Res O/S A & 1/2,1.0,1890.0,6.0,,1.0,2.0,2.0,0.0,2670.0,12/22/2020,240500.0,"2002 N CAMBRIDGE AV,Milwaukee,wisconsin",43.057217,-87.8921357
858428.0,Residential,3550205000.0,1537 E NORTH AV,3.0,3190.0,Cottage,1.0,1900.0,7.0,,1.0,3.0,1.0,1.0,2750.0,10/14/2020,136000.0,"1537 E NORTH AV,Milwaukee,wisconsin",43.059912,-87.8907988
852395.0,Residential,3550230200.0,1607 E LAFAYETTE PL,3.0,3190.0,Residence O/S 2sty+,2.0,1897.0,9.0,,1.0,3.0,2.0,0.0,1800.0,5/13/2020,260000.0,"1607 E LAFAYETTE PL,Milwaukee,wisconsin",43.0576428,-87.8905703
849082.0,Residential,3550240000.0,1964 N OAKLAND AV,3.0,3190.0,Residence O/S 2sty+,2.0,1892.0,9.0,,1.0,4.0,2.0,1.0,3144.0,2/11/2020,323000.0,"1964 N OAKLAND AV,Milwaukee,wisconsin",43.0569577,-87.8898002
849516.0,Residential,3550266000.0,1913 N OAKLAND AV,3.0,3190.0,Residence O/S 2sty+,2.0,1891.0,10.0,,1.0,4.0,2.0,1.0,3600.0,3/17/2020,434500.0,"1913 N OAKLAND AV,Milwaukee,wisconsin",43.0561714,-87.8911291
854407.0,Residential,3550282000.0,1541 E IRVING PL,3.0,3190.0,Residence O/S 2sty+,2.0,1894.0,7.0,,1.0,3.0,1.0,1.0,2400.0,7/2/2020,210000.0,"1541 E IRVING PL,Milwaukee,wisconsin",43.0569378,-87.8911176
852028.0,Residential,3550435000.0,2203 N BARTLETT AV,3.0,3190.0,Milwaukee Bungalow,1.0,1926.0,6.0,,1.0,4.0,3.0,0.0,4674.0,5/4/2020,290000.0,"2203 N BARTLETT AV,Milwaukee,wisconsin",43.0594454,-87.889627
851614.0,Residential,3550436000.0,2127 N BARTLETT AV,3.0,3190.0,Residence O/S 2sty+,2.0,1917.0,6.0,,1.0,3.0,1.0,1.0,3774.0,4/20/2020,210000.0,"2127 N BARTLETT AV,Milwaukee,wisconsin",43.0593035,-87.889632
858396.0,Residential,3550458000.0,1985 N BARTLETT AV,3.0,3190.0,Residence O/S 2sty+,2.0,1906.0,8.0,,1.0,4.0,2.0,1.0,2307.0,9/30/2020,380000.0,"1985 N BARTLETT AV,Milwaukee,wisconsin",43.0579521,-87.8908877
857752.0,Residential,3550640000.0,1724 N WARREN AV,3.0,3240.0,Res O/S A & 1/2,1.0,1900.0,7.0,,1.0,3.0,1.0,0.0,5080.0,10/2/2020,260000.0,"1724 N WARREN AV,Milwaukee,wisconsin",43.0535353,-87.8934998
861149.0,Residential,3550658000.0,1842 N WARREN AV,3.0,3240.0,Duplex-Cottage,1.0,1890.0,7.0,,2.0,2.0,2.0,0.0,2540.0,11/13/2020,175000.0,"1842 N WARREN AV,Milwaukee,wisconsin",43.0553754,-87.8935002
859222.0,Residential,3550659000.0,1846 N WARREN AV,3.0,3240.0,Multiple Residential Bldgs,1.0,1900.0,6.0,,2.0,2.0,2.0,0.0,3810.0,10/9/2020,209000.0,"1846 N WARREN AV,Milwaukee,wisconsin",43.0554278,-87.8934763
861121.0,Residential,3550685000.0,1827-A N WARREN AV,3.0,3240.0,Multiple Residential Bldgs,2.0,1887.0,10.0,,3.0,4.0,2.0,0.0,2565.0,5/8/2020,277500.0,"1827-A N WARREN AV,Milwaukee,wisconsin",43.0550662,-87.8941412
852621.0,Residential,3550706100.0,1850 N ARLINGTON PL,3.0,3240.0,Res O/S A & 1/2,1.0,1888.0,5.0,,1.0,3.0,3.0,0.0,4655.0,5/22/2020,345000.0,"1850 N ARLINGTON PL,Milwaukee,wisconsin",43.0555229,-87.8946943
849872.0,Residential,3550734100.0,1722-1724 N PULASKI ST,3.0,3240.0,Duplex-Cottage,2.0,1906.0,8.0,,2.0,5.0,2.0,0.0,2645.0,3/6/2020,225000.0,"1722-1724 N PULASKI ST,Milwaukee,wisconsin",43.0538159,-87.8954443
856044.0,Residential,3550741000.0,1742-1744 N PULASKI ST,3.0,3240.0,Duplex O/S,2.0,1913.0,10.0,,2.0,6.0,2.0,0.0,3960.0,7/20/2020,280000.0,"1742-1744 N PULASKI ST,Milwaukee,wisconsin",43.0538159,-87.8954443
859522.0,Residential,3550745000.0,1800-1802 N PULASKI ST,3.0,3240.0,Cottage,2.0,1900.0,8.0,,1.0,4.0,1.0,1.0,5200.0,10/22/2020,190000.0,"1800-1802 N PULASKI ST,Milwaukee,wisconsin",43.0538159,-87.8954443
859106.0,Residential,3550757000.0,1207 E KANE PL,3.0,3240.0,Multiple Residential Bldgs,2.0,1900.0,9.0,,3.0,3.0,3.0,0.0,2525.0,10/14/2020,206000.0,"1207 E KANE PL,Milwaukee,wisconsin",43.0559249,-87.8960726
848921.0,Residential,3550802000.0,1857 N PULASKI ST,3.0,3240.0,Multiple Residential Bldgs,2.0,1880.0,16.0,,4.0,7.0,4.0,0.0,4320.0,1/31/2020,435000.0,"1857 N PULASKI ST,Milwaukee,wisconsin",43.0555712,-87.8972776
851634.0,Residential,3551236000.0,1970 N FARWELL AV,3.0,3190.0,Residence O/S 2sty+,2.0,1898.0,8.0,,1.0,3.0,2.0,0.0,4290.0,4/27/2020,186000.0,"1970 N FARWELL AV,Milwaukee,wisconsin",43.0564932,-87.8886559
856121.0,Condominium,3551733000.0,2106 N COMMERCE ST,3.0,5924.0,Condo Duplex,3.0,2005.0,5.0,,1.0,2.0,2.0,1.0,0.0,8/19/2020,298000.0,"2106 N COMMERCE ST,Milwaukee,wisconsin",43.0580632,-87.8977664
852864.0,Residential,3560201000.0,2237 N LAKE DR,3.0,3060.0,Colonial,2.0,1916.0,11.0,,1.0,5.0,3.0,1.0,5500.0,6/1/2020,562500.0,"2237 N LAKE DR,Milwaukee,wisconsin",43.0587421,-87.8820903
861273.0,Residential,3560608000.0,2022 E KENILWORTH PL,3.0,3170.0,Res O/S A & 1/2,1.5,1905.0,5.0,,1.0,3.0,1.0,0.0,3150.0,11/27/2020,208000.0,"2022 E KENILWORTH PL,Milwaukee,wisconsin",43.0585503,-87.8843166
861724.0,Condominium,3561312000.0,2202 N TERRACE AV,3.0,5919.0,Condo Townhouse,2.0,1989.0,6.0,,1.0,3.0,2.0,1.0,1.0,12/15/2020,950000.0,"2202 N TERRACE AV,Milwaukee,wisconsin",43.0568618,-87.8812184
860649.0,Condominium,3561503000.0,2207 E IVANHOE PL,3.0,5900.0,Low Rise 1-3 Stories,2.5,2001.0,6.0,,1.0,2.0,2.0,1.0,1.0,11/24/2020,430000.0,"2207 E IVANHOE PL,Milwaukee,wisconsin",43.0586087,-87.8829758
863110.0,Condominium,3561504000.0,2211 E IVANHOE PL,3.0,5900.0,Low Rise 1-3 Stories,2.5,2001.0,6.0,,1.0,2.0,2.0,1.0,1.0,12/30/2020,410000.0,"2211 E IVANHOE PL,Milwaukee,wisconsin",43.0586087,-87.8829758
856675.0,Residential,3590148000.0,1618 N HUMBOLDT AV,3.0,3240.0,Milwaukee Bungalow,1.0,1922.0,7.0,,1.0,3.0,2.0,0.0,4080.0,3/18/2020,324900.0,"1618 N HUMBOLDT AV,Milwaukee,wisconsin",43.0510686,-87.8978654
863435.0,Residential,3590228000.0,1664 N WARREN AV,3.0,3240.0,Cottage,1.5,1870.0,7.0,,1.0,4.0,1.0,0.0,4050.0,12/7/2020,170000.0,"1664 N WARREN AV,Milwaukee,wisconsin",43.0525372,-87.8939211
857050.0,Commercial,3590265000.0,1503 N FARWELL AV,3.0,6262.0,"Store Bldg - Multi Story (Store & Apt, Store & Ofc",3.0,1925.0,0.0,,10.0,1.0,0.0,0.0,5615.0,8/12/2020,950000.0,"1503 N FARWELL AV,Milwaukee,wisconsin",43.04996,-87.895576
847411.0,Residential,3590417100.0,1536 N FRANKLIN PL,3.0,3240.0,Triplex,2.0,1901.0,18.0,,3.0,8.0,3.0,0.0,3840.0,1/6/2020,408000.0,"1536 N FRANKLIN PL,Milwaukee,wisconsin",43.0504948,-87.896625
856633.0,Residential,3590657000.0,1625 N WARREN AV,3.0,3240.0,Cottage,1.0,1893.0,5.0,,1.0,3.0,3.0,0.0,3090.0,7/31/2020,230000.0,"1625 N WARREN AV,Milwaukee,wisconsin",43.0520445,-87.8950705
863029.0,Residential,3590658000.0,1619-1621 N WARREN AV,3.0,3240.0,Duplex O/S,2.0,1898.0,8.0,,2.0,4.0,2.0,0.0,3600.0,4/1/2020,280000.0,"1619-1621 N WARREN AV,Milwaukee,wisconsin",43.0507748,-87.8959894
856689.0,Commercial,3591402110.0,1235-1237 E BRADY ST,3.0,6264.0,Residence With Commercial Usage,2.0,1893.0,0.0,,2.0,2.0,0.0,0.0,1992.0,7/10/2020,300000.0,"1235-1237 E BRADY ST,Milwaukee,wisconsin",43.052992,-87.9038825
858957.0,Residential,3600019000.0,1621 N VAN BUREN ST,3.0,3240.0,Res O/S A & 1/2,1.5,1900.0,6.0,,1.0,3.0,1.0,0.0,4800.0,10/16/2020,270000.0,"1621 N VAN BUREN ST,Milwaukee,wisconsin",43.0512024,-87.9037204
858243.0,Residential,3600024100.0,624 E PLEASANT ST,3.0,3240.0,Residence O/S 2sty+,2.0,1885.0,6.0,,1.0,3.0,1.0,0.0,4683.0,10/26/2020,268000.0,"624 E PLEASANT ST,Milwaukee,wisconsin",43.0507422,-87.9038116
851605.0,Residential,3600307000.0,1672 N CASS ST,3.0,3240.0,Res O/S A & 1/2,1.5,1895.0,7.0,,1.0,3.0,1.0,0.0,3600.0,4/30/2020,251000.0,"1672 N CASS ST,Milwaukee,wisconsin",43.0523808,-87.9018566
858894.0,Residential,3600315000.0,808 E KEWAUNEE ST,3.0,3240.0,Residence O/S 2sty+,2.0,1890.0,8.0,,1.0,3.0,2.0,0.0,2700.0,10/9/2020,270000.0,"808 E KEWAUNEE ST,Milwaukee,wisconsin",43.0519779,-87.901699
850064.0,Residential,3600335000.0,1685 N CASS ST,3.0,3240.0,Residence O/S 2sty+,2.0,1880.0,10.0,,1.0,3.0,2.0,0.0,4200.0,3/12/2020,425000.0,"1685 N CASS ST,Milwaukee,wisconsin",43.0526217,-87.9024492
856126.0,Residential,3600403000.0,1027-1029 E KEWAUNEE ST,3.0,3240.0,Duplex O/S,2.0,1900.0,12.0,,2.0,5.0,2.0,0.0,3450.0,3/13/2020,243000.0,"1027-1029 E KEWAUNEE ST,Milwaukee,wisconsin",43.0517513,-87.8995272
856135.0,Residential,3600536000.0,1512-1514 N MARSHALL ST,3.0,3240.0,Duplex O/S,2.0,1890.0,11.0,,2.0,4.0,2.0,0.0,3840.0,7/24/2020,280000.0,"1512-1514 N MARSHALL ST,Milwaukee,wisconsin",43.0417081,-87.9005731
850242.0,Residential,3600541000.0,1534 N MARSHALL ST,3.0,3240.0,Duplex O/S,2.0,1886.0,12.0,,2.0,6.0,2.0,0.0,3840.0,3/27/2020,232500.0,"1534 N MARSHALL ST,Milwaukee,wisconsin",43.050163,-87.9006085
851581.0,Residential,3600674000.0,1529-1531 N CASS ST,3.0,3240.0,Duplex O/S,2.0,1893.0,14.0,,2.0,5.0,3.0,0.0,3840.0,4/23/2020,375000.0,"1529-1531 N CASS ST,Milwaukee,wisconsin",43.0469424,-87.9022408
856513.0,Condominium,3601272000.0,1682 N ASTOR ST,3.0,5955.0,Condo Duplex,2.0,1887.0,5.0,,1.0,2.0,2.0,0.0,1.0,8/27/2020,210000.0,"1682 N ASTOR ST,Milwaukee,wisconsin",43.0524985,-87.8993046
